id,first_name,last_name,email,gender,ip_address
1,Paulie,Gravenor,pgravenor0@theatlantic.com,Female,219.143.1.231
2,Chick,McAtamney,cmcatamney1@histats.com,Male,244.224.94.155
3,Welby,Harroway,wharroway2@google.es,Male,26.101.2.199
4,Haleigh,Leitche,hleitche3@state.tx.us,Male,111.124.53.228
5,Lazare,Sharphurst,lsharphurst4@illinois.edu,Male,200.75.33.49
6,Thaxter,MacGeaney,tmacgeaney5@umich.edu,Male,69.59.92.105
7,Jobi,Denzey,jdenzey6@cornell.edu,Female,119.246.33.174
8,Sinclair,Demangeot,sdemangeot7@huffingtonpost.com,Male,120.245.192.185
9,Averyl,Epelett,aepelett8@cnet.com,Female,253.141.7.167
10,Kenyon,Songhurst,ksonghurst9@amazonaws.com,Male,168.159.7.24
11,Ramonda,Keady,rkeadya@slideshare.net,Female,194.74.99.192
12,Gordan,Talton,gtaltonb@google.com.au,Male,254.47.62.41
13,Jackie,Ventom,jventomc@w3.org,Polygender,188.11.171.48
14,Chicky,Loudiane,cloudianed@printfriendly.com,Female,125.58.37.44
15,Mellicent,Frere,mfreree@ycombinator.com,Female,102.169.254.251
16,Helge,Andreazzi,handreazzif@biglobe.ne.jp,Female,26.70.13.72
17,Michaelina,Maudlen,mmaudleng@china.com.cn,Female,125.243.199.190
18,Alia,Frenzl,afrenzlh@wikispaces.com,Female,228.155.217.30
19,Lolly,Strathman,lstrathmani@example.com,Female,202.45.207.252
20,Shaina,Glauber,sglauberj@jigsy.com,Female,167.110.140.83
21,Conny,Aireton,cairetonk@google.co.uk,Male,165.128.245.172
22,Carver,Avis,cavisl@wordpress.org,Agender,186.132.113.172
23,Jermaine,Goeff,jgoeffm@rediff.com,Male,4.26.247.140
24,Grayce,Basketfield,gbasketfieldn@gizmodo.com,Female,29.3.205.221
25,Saidee,Carnilian,scarniliano@bbb.org,Female,56.183.202.227
26,Tybalt,Medway,tmedwayp@alexa.com,Male,117.76.120.34
27,Ax,Lakenton,alakentonq@yandex.ru,Male,110.216.79.25
28,Ardisj,McKevitt,amckevittr@nih.gov,Female,36.230.25.132
29,Hester,O'Grady,hogradys@facebook.com,Agender,190.77.146.76
30,Cleavland,Sneaker,csneakert@msn.com,Male,161.153.37.6
31,Jard,Dawnay,jdawnayu@wiley.com,Male,87.125.3.150
32,Britni,Sarginson,bsarginsonv@sun.com,Female,34.143.115.186
33,Herculie,Pitford,hpitfordw@diigo.com,Male,120.59.140.213
34,Lenard,Gummie,lgummiex@sun.com,Male,115.199.62.127
35,Amerigo,Spaldin,aspaldiny@sourceforge.net,Male,63.36.159.21
36,Gerhardine,Garretts,ggarrettsz@netlog.com,Female,17.175.42.0
37,Merry,Zuanazzi,mzuanazzi10@photobucket.com,Male,32.39.94.156
38,Denny,Rolfi,drolfi11@hugedomains.com,Male,19.198.190.192
39,Cal,Carlucci,ccarlucci12@pcworld.com,Male,36.93.32.78
40,Meara,Bibb,mbibb13@miibeian.gov.cn,Female,222.168.30.221
41,Eva,Ruzic,eruzic14@hp.com,Female,214.65.207.162
42,Ragnar,Ackland,rackland15@mysql.com,Male,78.159.89.172
43,Tadd,Purveys,tpurveys16@ovh.net,Male,38.248.107.8
44,Sibyl,Windross,swindross17@symantec.com,Female,231.155.161.133
45,Glynis,Dumbleton,gdumbleton18@mac.com,Female,58.92.194.194
46,Flor,Killgus,fkillgus19@ucsd.edu,Female,138.110.30.0
47,Valry,Watkiss,vwatkiss1a@example.com,Female,164.184.242.35
48,Marne,O' Meara,momeara1b@weibo.com,Female,127.49.85.49
49,Sharyl,Marte,smarte1c@topsy.com,Female,84.78.119.254
50,Stephani,Sorrie,ssorrie1d@xrea.com,Female,239.226.73.85
51,Saxon,Borgnet,sborgnet1e@mozilla.com,Agender,113.112.233.40
52,Truman,Poynzer,tpoynzer1f@answers.com,Male,181.4.146.171
53,Lianne,Benard,lbenard1g@bing.com,Female,223.169.226.129
54,Anselm,Brocklesby,abrocklesby1h@spiegel.de,Male,248.66.67.16
55,Ainslie,Tremeer,atremeer1i@woothemes.com,Female,78.92.147.13
56,Donnell,Denacamp,ddenacamp1j@gmpg.org,Male,175.133.32.132
57,Viviyan,Shirt,vshirt1k@tripod.com,Female,41.45.189.58
58,Barth,Abramamov,babramamov1l@themeforest.net,Male,127.235.53.99
59,Duane,Neller,dneller1m@eepurl.com,Male,145.90.149.104
60,Lilia,Jaycocks,ljaycocks1n@amazon.co.uk,Female,250.152.57.44
61,Ciel,Vearncomb,cvearncomb1o@constantcontact.com,Female,75.61.30.153
62,Bill,O'Fergus,bofergus1p@nps.gov,Male,210.248.225.193
63,Merci,Jeal,mjeal1q@dailymotion.com,Genderqueer,64.221.68.32
64,Kerk,Stubbert,kstubbert1r@wikispaces.com,Male,213.206.226.164
65,Gal,Mackilpatrick,gmackilpatrick1s@barnesandnoble.com,Male,223.35.3.253
66,Yurik,Simeonov,ysimeonov1t@pbs.org,Male,8.220.87.36
67,Samuel,Nottle,snottle1u@icio.us,Male,100.78.79.69
68,Tammie,Mowen,tmowen1v@goodreads.com,Male,163.216.9.168
69,Chad,McGrory,cmcgrory1w@webnode.com,Genderqueer,92.200.141.121
70,Dennie,Persse,dpersse1x@foxnews.com,Female,106.50.70.163
71,Brendis,Wooles,bwooles1y@360.cn,Male,42.218.86.3
72,Robinetta,Springtorpe,rspringtorpe1z@howstuffworks.com,Female,9.254.146.104
73,Ramsey,Osmint,rosmint20@abc.net.au,Male,18.171.162.128
74,Ricky,McCaughen,rmccaughen21@stumbleupon.com,Male,79.6.97.131
75,Russell,Rummer,rrummer22@technorati.com,Male,200.2.225.204
76,Mikol,Sogg,msogg23@desdev.cn,Male,215.54.175.96
77,Olenolin,Stawell,ostawell24@squarespace.com,Male,141.82.26.129
78,Courtnay,Zorn,czorn25@homestead.com,Male,159.232.12.244
79,Esta,Titcombe,etitcombe26@about.com,Female,107.2.255.241
80,George,Buse,gbuse27@hc360.com,Male,236.82.209.245
81,Munmro,Belchem,mbelchem28@youku.com,Male,16.226.184.92
82,Griff,Cowup,gcowup29@patch.com,Male,52.151.17.228
83,Britte,Etridge,betridge2a@unblog.fr,Female,105.125.208.182
84,Star,Burmaster,sburmaster2b@over-blog.com,Female,92.163.42.204
85,Daffie,Leehane,dleehane2c@dell.com,Female,69.197.224.148
86,Bent,McSkeagan,bmcskeagan2d@flickr.com,Genderfluid,191.15.161.151
87,Bronson,Sleith,bsleith2e@usgs.gov,Male,61.120.142.152
88,Tracie,Caccavale,tcaccavale2f@woothemes.com,Polygender,219.178.109.213
89,Kingsley,Gouldthorpe,kgouldthorpe2g@state.gov,Male,58.171.137.196
90,Kendricks,Mirams,kmirams2h@shareasale.com,Male,237.181.39.183
91,Skippy,Dioniso,sdioniso2i@t.co,Male,125.232.12.200
92,Tess,Tretwell,ttretwell2j@live.com,Female,162.152.178.126
93,Stevana,Vick,svick2k@merriam-webster.com,Female,215.161.240.166
94,Solly,Webby,swebby2l@toplist.cz,Male,107.213.16.168
95,Essa,Issard,eissard2m@gnu.org,Female,132.181.212.154
96,Bernarr,Summerlie,bsummerlie2n@dropbox.com,Male,138.159.214.148
97,Nickie,Henrych,nhenrych2o@si.edu,Male,221.24.166.149
98,Odella,Fayer,ofayer2p@amazon.co.jp,Female,216.148.126.141
99,Hughie,Bauckham,hbauckham2q@desdev.cn,Male,110.155.0.179
100,Isiahi,Milburne,imilburne2r@so-net.ne.jp,Male,83.240.90.221
101,Salaidh,Preedy,spreedy2s@t-online.de,Female,142.206.223.30
102,Cesaro,Chasney,cchasney2t@ucla.edu,Male,1.218.39.154
103,Aryn,Akenhead,aakenhead2u@globo.com,Female,148.60.158.37
104,Costanza,Farmar,cfarmar2v@apple.com,Female,207.190.112.212
105,Kimberley,Colvin,kcolvin2w@indiatimes.com,Female,167.188.242.62
106,Adelice,MacCawley,amaccawley2x@berkeley.edu,Female,203.142.194.169
107,Loy,Reglar,lreglar2y@macromedia.com,Male,168.164.49.230
108,Karylin,Gemson,kgemson2z@umich.edu,Female,15.229.220.24
109,Nina,Paulig,npaulig30@newyorker.com,Female,235.17.132.118
110,Alvan,Littlejohn,alittlejohn31@twitter.com,Male,20.178.192.95
111,Glen,Hargreves,ghargreves32@cdbaby.com,Female,244.89.43.2
112,Marti,Burfitt,mburfitt33@prnewswire.com,Female,92.44.19.123
113,Theodore,Stanton,tstanton34@salon.com,Genderfluid,225.29.147.184
114,Raviv,Biddles,rbiddles35@sbwire.com,Male,11.225.234.92
115,Baudoin,Hirtz,bhirtz36@fda.gov,Male,231.199.216.64
116,Roderic,Branthwaite,rbranthwaite37@photobucket.com,Male,145.240.73.152
117,Jaquenetta,Kener,jkener38@sciencedirect.com,Genderfluid,107.98.37.22
118,Ingunna,Haquin,ihaquin39@vimeo.com,Female,93.59.244.27
119,Ernest,Melarkey,emelarkey3a@admin.ch,Male,7.217.205.1
120,Vachel,Dudhill,vdudhill3b@google.fr,Male,17.236.154.184
121,Terry,Beenham,tbeenham3c@cafepress.com,Male,207.80.125.136
122,Jethro,Greguol,jgreguol3d@apache.org,Male,10.6.242.106
123,Marysa,Barkas,mbarkas3e@squidoo.com,Female,226.35.168.134
124,Cody,Daviot,cdaviot3f@friendfeed.com,Female,144.32.231.13
125,Clayborn,Abazi,cabazi3g@storify.com,Male,196.255.32.110
126,Traver,Breem,tbreem3h@bravesites.com,Male,31.197.131.158
127,Madelin,Benoix,mbenoix3i@bluehost.com,Female,195.30.87.167
128,Dalt,Tott,dtott3j@sun.com,Male,77.46.24.140
129,Raphaela,Tebboth,rtebboth3k@google.com.br,Genderfluid,39.222.139.124
130,Randene,Ridley,rridley3l@blogger.com,Female,185.189.139.118
131,Hakim,Gainfort,hgainfort3m@dagondesign.com,Male,115.25.142.185
132,Randee,Escritt,rescritt3n@youtube.com,Female,175.87.94.33
133,Emlynn,Harrald,eharrald3o@mapy.cz,Female,65.160.90.242
134,Celle,Geggus,cgeggus3p@cisco.com,Bigender,165.123.4.42
135,Papageno,Gennerich,pgennerich3q@comcast.net,Male,224.28.131.122
136,Chancey,Capponeer,ccapponeer3r@booking.com,Male,217.219.133.247
137,Ermanno,Varden,evarden3s@usgs.gov,Male,98.27.132.8
138,Darlene,Summerly,dsummerly3t@netlog.com,Female,226.199.241.130
139,Daron,Nipper,dnipper3u@hibu.com,Female,166.206.210.78
140,Kakalina,Koche,kkoche3v@businesswire.com,Female,82.238.172.16
141,Lemuel,Withey,lwithey3w@telegraph.co.uk,Male,243.26.90.95
142,Stephana,Marks,smarks3x@hibu.com,Female,62.150.165.209
143,Alys,Breukelman,abreukelman3y@naver.com,Female,74.228.192.96
144,Annissa,Leyshon,aleyshon3z@people.com.cn,Non-binary,36.31.109.199
145,Stormie,Letty,sletty40@skyrock.com,Female,102.15.195.201
146,Sheridan,Abdee,sabdee41@yelp.com,Male,146.65.252.60
147,Pamela,Abthorpe,pabthorpe42@soup.io,Female,55.185.97.116
148,Weylin,Blankman,wblankman43@cam.ac.uk,Male,207.93.210.211
149,Fedora,Mahody,fmahody44@blogtalkradio.com,Female,159.32.21.140
150,Margi,Reubens,mreubens45@google.es,Female,192.253.107.16
151,Xavier,Farrer,xfarrer46@edublogs.org,Male,241.73.9.211
152,Deloria,Mosley,dmosley47@tinyurl.com,Female,206.67.133.211
153,Dunc,Bernot,dbernot48@slate.com,Male,244.124.75.118
154,Persis,Oldman,poldman49@blogspot.com,Female,174.167.52.236
155,Thornton,Szwandt,tszwandt4a@over-blog.com,Male,32.36.209.168
156,Vivienne,Jindrich,vjindrich4b@moonfruit.com,Female,254.174.105.153
157,Casey,Karlicek,ckarlicek4c@eventbrite.com,Female,167.166.149.137
158,Nadeen,Stannering,nstannering4d@jugem.jp,Female,167.244.183.56
159,Kissee,Proppers,kproppers4e@freewebs.com,Female,46.165.164.163
160,Leela,Kellaway,lkellaway4f@marketwatch.com,Female,146.247.191.240
161,Shirleen,O'Crevy,socrevy4g@dell.com,Female,187.170.73.219
162,Mommy,Huthart,mhuthart4h@delicious.com,Female,43.195.122.70
163,Butch,Chastanet,bchastanet4i@macromedia.com,Male,245.137.247.130
164,Layton,Ewers,lewers4j@dailymotion.com,Male,109.155.36.159
165,Alano,Barajaz,abarajaz4k@slashdot.org,Male,2.185.192.253
166,King,Josephy,kjosephy4l@princeton.edu,Male,11.116.43.49
167,Robbie,Myford,rmyford4m@over-blog.com,Polygender,153.57.200.55
168,Gerard,Cartner,gcartner4n@meetup.com,Male,75.112.220.140
169,Eziechiele,Aplin,eaplin4o@zimbio.com,Male,215.212.245.196
170,Adler,Teffrey,ateffrey4p@un.org,Polygender,251.44.209.164
171,Standford,Spirit,sspirit4q@wunderground.com,Male,36.8.165.133
172,Chiquita,Slade,cslade4r@symantec.com,Female,36.22.198.40
173,Keefer,Gronowe,kgronowe4s@purevolume.com,Male,113.248.63.35
174,Ansel,Mallebone,amallebone4t@exblog.jp,Male,201.30.24.222
175,Devora,O'Kennedy,dokennedy4u@accuweather.com,Female,184.232.150.16
176,Yehudit,Truelock,ytruelock4v@weebly.com,Male,47.158.0.158
177,Walt,Chyuerton,wchyuerton4w@spotify.com,Male,40.185.106.242
178,Faustina,Tumilty,ftumilty4x@merriam-webster.com,Female,89.199.12.79
179,Anya,Scargill,ascargill4y@google.ru,Female,11.13.58.11
180,Charles,Kerfod,ckerfod4z@netvibes.com,Male,125.0.233.0
181,June,Laise,jlaise50@cmu.edu,Female,147.11.42.248
182,Amalle,Rotherham,arotherham51@omniture.com,Female,252.74.208.49
183,Sigvard,Pirie,spirie52@youtu.be,Agender,72.64.210.206
184,Amata,Ghilardi,aghilardi53@google.it,Female,5.161.224.222
185,Flynn,Sparshett,fsparshett54@hugedomains.com,Male,164.110.71.58
186,Georgiana,Broader,gbroader55@answers.com,Female,126.197.227.148
187,Stacy,Blackader,sblackader56@a8.net,Female,210.203.194.210
188,Vonny,Munn,vmunn57@wufoo.com,Female,164.8.69.173
189,Codie,Barents,cbarents58@posterous.com,Male,220.244.65.36
190,Willie,Kilpin,wkilpin59@cnbc.com,Female,13.76.65.10
191,Zena,Harrap,zharrap5a@cloudflare.com,Female,4.225.52.205
192,Myca,Rye,mrye5b@webmd.com,Bigender,44.150.210.224
193,Fanni,De Simone,fdesimone5c@smugmug.com,Female,13.93.136.92
194,Quinta,Kalinowsky,qkalinowsky5d@netvibes.com,Female,48.253.163.28
195,Cleo,Corbally,ccorbally5e@purevolume.com,Female,97.141.165.69
196,Anson,Tadd,atadd5f@addtoany.com,Male,83.241.242.206
197,Editha,Varlow,evarlow5g@berkeley.edu,Polygender,227.196.46.220
198,Martainn,Briffett,mbriffett5h@hibu.com,Agender,0.175.4.54
199,Morry,Soles,msoles5i@mediafire.com,Male,79.42.52.131
200,Demeter,Friskey,dfriskey5j@omniture.com,Female,180.31.88.91
201,Cele,Durham,cdurham5k@topsy.com,Female,245.129.89.23
202,Eustace,Bruna,ebruna5l@imgur.com,Male,255.116.0.164
203,Felizio,Holdron,fholdron5m@cocolog-nifty.com,Male,115.51.94.150
204,Talyah,Durek,tdurek5n@narod.ru,Female,150.255.9.198
205,Hasty,Czajka,hczajka5o@china.com.cn,Male,183.101.154.139
206,Nico,Delete,ndelete5p@blog.com,Genderfluid,98.212.122.243
207,Pepillo,Colecrough,pcolecrough5q@mit.edu,Male,57.225.154.116
208,Far,Clamp,fclamp5r@rediff.com,Male,177.82.176.96
209,Nelle,Righy,nrighy5s@theglobeandmail.com,Polygender,218.235.205.78
210,Marci,Sanham,msanham5t@cpanel.net,Female,191.217.206.43
211,Ollie,Clelland,oclelland5u@theguardian.com,Female,244.78.84.40
212,Consolata,Grunguer,cgrunguer5v@wiley.com,Female,173.38.35.133
213,Merilee,Dawks,mdawks5w@naver.com,Female,227.220.143.250
214,Mahmoud,Seilmann,mseilmann5x@harvard.edu,Male,143.205.52.48
215,Zsa zsa,Buscombe,zbuscombe5y@taobao.com,Female,220.180.130.39
216,Melba,Boulsher,mboulsher5z@salon.com,Female,53.214.181.57
217,Kenna,Mate,kmate60@nydailynews.com,Female,211.145.61.255
218,Belia,Bumphries,bbumphries61@mapy.cz,Female,99.214.54.194
219,Ulrike,Strettle,ustrettle62@paginegialle.it,Female,9.35.245.140
220,Anthe,Yaus,ayaus63@mozilla.com,Female,249.33.56.112
221,Justina,Bynold,jbynold64@miibeian.gov.cn,Polygender,31.8.192.198
222,Tamma,Maple,tmaple65@geocities.com,Genderfluid,73.81.210.46
223,Sibbie,Tadd,stadd66@51.la,Female,248.95.7.146
224,Kendra,Alejandre,kalejandre67@jiathis.com,Female,213.186.75.241
225,Reinald,Bottrell,rbottrell68@nhs.uk,Male,150.166.158.20
226,Vanny,Kubatsch,vkubatsch69@cornell.edu,Female,117.119.106.129
227,Maybelle,Sharvill,msharvill6a@tamu.edu,Female,233.174.251.110
228,Alisha,Henstridge,ahenstridge6b@sciencedirect.com,Polygender,74.216.15.223
229,Ruthe,De Fries,rdefries6c@netscape.com,Female,65.114.34.46
230,Arlyn,Leyrroyd,aleyrroyd6d@yahoo.co.jp,Female,208.26.242.19
231,Valina,Joder,vjoder6e@woothemes.com,Genderqueer,164.87.139.139
232,Agnese,Murrhardt,amurrhardt6f@over-blog.com,Agender,49.127.192.0
233,Lyndell,Godspeede,lgodspeede6g@comcast.net,Female,14.145.80.224
234,Valaria,Castelluzzi,vcastelluzzi6h@toplist.cz,Female,4.144.47.59
235,Else,Cable,ecable6i@1und1.de,Female,27.31.123.222
236,Glyn,Mummery,gmummery6j@youtu.be,Male,246.197.194.76
237,Carter,Lanigan,clanigan6k@who.int,Male,98.248.115.210
238,Ynez,Matskevich,ymatskevich6l@cisco.com,Female,69.95.72.196
239,Bea,Simone,bsimone6m@tripod.com,Agender,119.107.137.128
240,Violetta,Fullagar,vfullagar6n@paginegialle.it,Female,144.12.252.210
241,Ashbey,Rollinshaw,arollinshaw6o@ca.gov,Male,160.165.254.137
242,Sosanna,Fend,sfend6p@msu.edu,Female,7.162.70.91
243,Rockwell,Janks,rjanks6q@woothemes.com,Male,168.11.230.171
244,Barny,Whaites,bwhaites6r@gizmodo.com,Male,64.1.255.4
245,Rena,Cochran,rcochran6s@so-net.ne.jp,Female,106.113.25.172
246,Bettina,Possell,bpossell6t@google.it,Non-binary,157.102.131.236
247,Bank,Cranton,bcranton6u@craigslist.org,Male,77.66.134.243
248,Melvin,Foord,mfoord6v@msn.com,Male,241.145.99.42
249,Malorie,Braidford,mbraidford6w@rediff.com,Female,208.104.185.149
250,Harlene,Godden,hgodden6x@amazon.com,Genderfluid,143.53.226.106
251,Mara,Gribben,mgribben6y@weather.com,Genderqueer,45.155.93.179
252,Ainslie,Tuting,atuting6z@last.fm,Female,252.54.150.56
253,Kristal,Rizzello,krizzello70@list-manage.com,Female,162.27.36.85
254,Astrix,Tunnoch,atunnoch71@artisteer.com,Female,72.221.97.43
255,Kristan,Sugge,ksugge72@ed.gov,Female,241.170.232.220
256,Derwin,Aylward,daylward73@hc360.com,Male,157.143.80.73
257,Aeriela,MacGuigan,amacguigan74@lycos.com,Female,214.104.119.179
258,Benedikt,McCahill,bmccahill75@blog.com,Male,85.136.109.36
259,Cirstoforo,Ghest,cghest76@addtoany.com,Male,33.118.128.234
260,Aloise,Liggons,aliggons77@163.com,Female,30.13.124.224
261,Any,Shall,ashall78@arizona.edu,Male,159.115.5.221
262,Kendricks,Crayden,kcrayden79@go.com,Male,17.41.55.107
263,Lion,Wytchard,lwytchard7a@unc.edu,Male,190.4.149.131
264,Arleyne,Lodden,alodden7b@google.com.hk,Female,10.37.190.201
265,Andras,Farenden,afarenden7c@mtv.com,Male,115.28.56.134
266,Wilton,Pickless,wpickless7d@craigslist.org,Male,127.181.140.113
267,Ninnette,Schwand,nschwand7e@foxnews.com,Female,96.98.2.171
268,Burg,Bradwell,bbradwell7f@nps.gov,Male,32.90.58.181
269,Luise,Kelsey,lkelsey7g@photobucket.com,Female,200.205.158.14
270,Adelind,Peoples,apeoples7h@weather.com,Non-binary,88.129.24.234
271,Samuele,Jurczyk,sjurczyk7i@pbs.org,Male,28.172.174.120
272,Chere,McCrackan,cmccrackan7j@ameblo.jp,Female,10.92.53.200
273,Kelcie,Gorden,kgorden7k@pbs.org,Female,196.154.194.229
274,Germain,Hickisson,ghickisson7l@lycos.com,Male,125.193.11.110
275,Loraine,Tortis,ltortis7m@pagesperso-orange.fr,Female,120.35.67.154
276,Ernesta,Shucksmith,eshucksmith7n@redcross.org,Non-binary,183.240.124.8
277,Clarine,Fredson,cfredson7o@weather.com,Female,96.116.3.216
278,Adair,Caldeiro,acaldeiro7p@hibu.com,Male,134.76.131.94
279,Calli,Vamplus,cvamplus7q@toplist.cz,Female,255.22.253.33
280,Jaynell,Dinse,jdinse7r@nytimes.com,Female,50.74.171.62
281,Hashim,Pestridge,hpestridge7s@wordpress.org,Male,120.160.166.98
282,Murial,Blatcher,mblatcher7t@springer.com,Female,39.125.205.140
283,Miller,Boldison,mboldison7u@baidu.com,Male,38.75.153.130
284,Sibbie,Mash,smash7v@cornell.edu,Female,159.86.228.100
285,Graehme,Brosel,gbrosel7w@icio.us,Male,151.124.201.110
286,Glad,Pennuzzi,gpennuzzi7x@statcounter.com,Female,40.249.140.208
287,Wyatt,Vear,wvear7y@aol.com,Agender,183.125.167.18
288,Phil,Casa,pcasa7z@4shared.com,Male,145.188.6.174
289,Alvis,Le Ball,aleball80@nps.gov,Male,141.7.51.184
290,Neddie,Schimon,nschimon81@amazon.co.jp,Male,147.109.197.249
291,Aurelea,Dutnall,adutnall82@macromedia.com,Female,161.251.111.198
292,Charissa,Chattelaine,cchattelaine83@nyu.edu,Female,249.125.144.123
293,Dimitri,Andriss,dandriss84@yale.edu,Bigender,62.207.111.167
294,Casar,McClary,cmcclary85@rakuten.co.jp,Male,125.49.121.105
295,Victor,Hackforth,vhackforth86@cnn.com,Male,117.152.40.147
296,Oren,Roels,oroels87@globo.com,Male,238.213.165.185
297,Lilli,Chatel,lchatel88@google.cn,Female,194.56.215.237
298,Hermy,McCullouch,hmccullouch89@blinklist.com,Male,42.199.166.61
299,Consuela,Renon,crenon8a@tinypic.com,Female,108.75.129.84
300,Maisie,Sparshott,msparshott8b@yale.edu,Female,26.51.29.3
301,Amerigo,Djuricic,adjuricic8c@linkedin.com,Male,188.199.153.45
302,Kerrin,Mullett,kmullett8d@1und1.de,Female,139.194.101.87
303,Levy,Tuison,ltuison8e@fc2.com,Male,246.139.158.186
304,Emmerich,M'cowis,emcowis8f@examiner.com,Agender,145.95.245.191
305,Lawrence,Jesson,ljesson8g@instagram.com,Male,153.242.16.25
306,Denny,Pearmine,dpearmine8h@irs.gov,Male,223.247.223.118
307,Stormie,Jeckells,sjeckells8i@so-net.ne.jp,Female,134.200.54.98
308,Johnette,Bloxholm,jbloxholm8j@360.cn,Female,16.208.59.33
309,Abigael,Stathor,astathor8k@boston.com,Female,109.22.122.86
310,Arline,Pittaway,apittaway8l@wikipedia.org,Female,138.23.148.130
311,Josey,Scarlet,jscarlet8m@nba.com,Genderqueer,1.151.0.201
312,Maureene,Scrace,mscrace8n@google.ca,Female,209.17.41.205
313,Lynda,Retchford,lretchford8o@weebly.com,Polygender,244.145.248.51
314,Ola,Sleit,osleit8p@edublogs.org,Female,21.150.73.182
315,Jarvis,Wolseley,jwolseley8q@tmall.com,Male,187.189.20.180
316,Celeste,Arthey,carthey8r@scientificamerican.com,Female,226.214.85.177
317,Pate,Gummary,pgummary8s@dailymail.co.uk,Male,19.59.193.139
318,Maxi,Bertie,mbertie8t@google.es,Female,199.69.157.37
319,Carlota,Batterson,cbatterson8u@dropbox.com,Genderfluid,86.247.50.237
320,Aloin,Albers,aalbers8v@java.com,Male,151.183.46.42
321,Kris,Craw,kcraw8w@sohu.com,Female,58.16.222.207
322,Beniamino,Heinsius,bheinsius8x@weebly.com,Male,246.132.173.40
323,Hynda,Milazzo,hmilazzo8y@tripod.com,Female,220.206.91.201
324,Kean,Beiderbecke,kbeiderbecke8z@storify.com,Male,233.24.111.200
325,Jeffie,Reddings,jreddings90@elegantthemes.com,Male,137.178.239.67
326,Nannette,Summerly,nsummerly91@newyorker.com,Female,94.58.130.36
327,Norean,Orviss,norviss92@wired.com,Female,172.195.139.102
328,Issy,Rozier,irozier93@nytimes.com,Agender,0.29.101.72
329,Richart,Easeman,reaseman94@desdev.cn,Male,215.114.148.83
330,Winfred,Dourin,wdourin95@wufoo.com,Male,203.236.237.12
331,Sherie,Fenty,sfenty96@mozilla.com,Agender,98.42.152.86
332,Berrie,Attwell,battwell97@wikia.com,Female,217.207.190.215
333,Davy,Matsell,dmatsell98@pagesperso-orange.fr,Male,90.175.175.232
334,Deanne,Agdahl,dagdahl99@cnet.com,Female,238.132.182.3
335,Ambrosio,Buzek,abuzek9a@wix.com,Male,59.128.255.74
336,Janice,Knocker,jknocker9b@nydailynews.com,Female,117.162.137.188
337,Jacquie,Bonett,jbonett9c@issuu.com,Female,251.163.150.53
338,Elliott,Jereatt,ejereatt9d@artisteer.com,Male,25.96.229.63
339,Darrick,Manna,dmanna9e@chicagotribune.com,Male,119.194.133.201
340,Amelia,Dobing,adobing9f@infoseek.co.jp,Female,99.117.95.18
341,Aluin,Dagworthy,adagworthy9g@jiathis.com,Male,31.177.157.184
342,Ryann,Giovannetti,rgiovannetti9h@vinaora.com,Agender,201.216.65.22
343,Jonas,Vane,jvane9i@ycombinator.com,Male,237.244.52.105
344,Merna,Hannond,mhannond9j@buzzfeed.com,Female,31.178.35.217
345,Giffy,Hefforde,ghefforde9k@fc2.com,Male,213.144.8.187
346,Harlan,Matthewes,hmatthewes9l@google.com.au,Male,17.200.160.250
347,Jehu,Wendover,jwendover9m@1und1.de,Male,86.88.58.5
348,Annecorinne,Gibberd,agibberd9n@nbcnews.com,Non-binary,71.7.88.22
349,Hayyim,Auguste,hauguste9o@auda.org.au,Male,7.238.176.239
350,Sara-ann,Halliberton,shalliberton9p@imageshack.us,Female,185.249.163.13
351,Horatia,Menhci,hmenhci9q@1688.com,Female,80.151.202.62
352,Bink,Stansbury,bstansbury9r@tinyurl.com,Male,137.54.10.161
353,Hilary,Handforth,hhandforth9s@businessweek.com,Male,84.239.119.12
354,Jodi,Constable,jconstable9t@nature.com,Female,136.67.50.122
355,Viviyan,Creaven,vcreaven9u@spotify.com,Female,88.184.188.146
356,Llewellyn,Tunnicliffe,ltunnicliffe9v@discuz.net,Bigender,170.94.76.63
357,Tova,Vasilik,tvasilik9w@spotify.com,Female,10.98.219.11
358,Lyon,Rawnsley,lrawnsley9x@admin.ch,Male,141.99.218.9
359,Corny,Di Angelo,cdiangelo9y@latimes.com,Female,90.235.236.175
360,Auguste,Coomes,acoomes9z@youtu.be,Female,100.117.33.235
361,Denni,Pactat,dpactata0@msn.com,Female,253.203.168.251
362,Rozanne,Renyard,rrenyarda1@businessinsider.com,Female,180.84.184.173
363,Toma,Northley,tnorthleya2@utexas.edu,Female,87.63.105.210
364,Meade,Korlat,mkorlata3@blog.com,Male,11.246.36.247
365,Vikky,Bellam,vbellama4@opera.com,Female,161.239.43.4
366,Anderson,Samber,asambera5@sphinn.com,Male,10.241.207.145
367,Marcie,Fingleton,mfingletona6@miitbeian.gov.cn,Female,241.156.195.80
368,Horatius,Corcoran,hcorcorana7@bing.com,Genderfluid,179.230.130.157
369,Johannah,Terry,jterrya8@google.com.au,Female,109.30.150.44
370,Jennifer,Swinburne,jswinburnea9@storify.com,Non-binary,9.236.91.229
371,Berenice,Fiddy,bfiddyaa@hostgator.com,Genderqueer,95.84.52.133
372,Beret,Cowitz,bcowitzab@opera.com,Female,178.191.6.24
373,Adler,Bartoszinski,abartoszinskiac@springer.com,Male,115.200.226.212
374,Francis,Blonden,fblondenad@parallels.com,Male,35.217.130.16
375,Elladine,Galer,egalerae@house.gov,Female,189.217.202.236
376,Myles,Capini,mcapiniaf@state.tx.us,Male,68.154.139.167
377,Agna,Robez,arobezag@tripadvisor.com,Female,147.114.106.137
378,Zaria,Fust,zfustah@taobao.com,Female,210.172.193.200
379,Nichol,Dunley,ndunleyai@google.com.br,Female,36.13.29.255
380,Lorrin,Leving,llevingaj@google.it,Female,40.191.209.83
381,Gan,Dalton,gdaltonak@salon.com,Male,125.197.22.191
382,Brian,Coverdale,bcoverdaleal@over-blog.com,Male,6.216.225.239
383,Barbee,Dengel,bdengelam@toplist.cz,Female,120.62.224.250
384,Valerye,Nestle,vnestlean@ucla.edu,Female,111.17.170.99
385,Lebbie,Romi,lromiao@w3.org,Female,77.19.14.72
386,David,Swinnard,dswinnardap@illinois.edu,Male,241.85.238.47
387,Fran,Cases,fcasesaq@paypal.com,Male,251.140.70.122
388,Skye,Creavan,screavanar@apple.com,Male,52.64.10.121
389,Raddy,Francescone,rfrancesconeas@illinois.edu,Male,164.98.68.127
390,Yulma,Peggs,ypeggsat@paypal.com,Male,248.137.54.184
391,Benjy,Toyne,btoyneau@zdnet.com,Male,59.8.163.4
392,Debbi,Meaddowcroft,dmeaddowcroftav@trellian.com,Female,200.136.65.83
393,Roze,Charles,rcharlesaw@a8.net,Bigender,25.158.178.152
394,Fredric,MacGowan,fmacgowanax@soup.io,Male,179.195.29.186
395,Irv,Srutton,isruttonay@diigo.com,Male,202.255.35.100
396,Claudio,Johnston,cjohnstonaz@a8.net,Male,108.218.10.166
397,Dulci,Bartelet,dbarteletb0@naver.com,Female,155.178.171.29
398,Frederica,Treher,ftreherb1@w3.org,Female,1.75.185.151
399,Germayne,Wren,gwrenb2@arstechnica.com,Male,196.223.35.255
400,Wyndham,Valadez,wvaladezb3@smh.com.au,Male,17.64.170.236
401,Saudra,Tidcombe,stidcombeb4@g.co,Female,248.245.175.92
402,Zorina,Braiden,zbraidenb5@e-recht24.de,Female,148.230.198.1
403,Kali,Atwell,katwellb6@dagondesign.com,Female,117.139.43.96
404,Ruthi,Cummins,rcumminsb7@amazonaws.com,Female,148.149.55.158
405,Gilberto,Emburey,gembureyb8@yellowbook.com,Male,19.65.243.234
406,Berny,Slimm,bslimmb9@nbcnews.com,Female,167.70.134.191
407,Cindy,McFadden,cmcfaddenba@wikispaces.com,Female,23.138.100.139
408,Chery,Denington,cdeningtonbb@ftc.gov,Female,198.223.49.94
409,Dav,Freire,dfreirebc@list-manage.com,Polygender,202.111.58.8
410,Shaughn,Trevino,strevinobd@theguardian.com,Male,241.6.12.36
411,Sharla,Crennell,scrennellbe@bloglines.com,Female,192.223.230.31
412,Martie,Leahey,mleaheybf@jigsy.com,Female,148.122.196.10
413,Jonas,Menego,jmenegobg@skyrock.com,Male,46.216.246.44
414,Hayward,Huygens,hhuygensbh@omniture.com,Male,98.23.187.153
415,Norry,Cashmore,ncashmorebi@infoseek.co.jp,Male,9.220.84.157
416,Terrance,Heaford,theafordbj@go.com,Male,69.55.221.200
417,Silvia,Spacie,sspaciebk@latimes.com,Polygender,199.66.233.154
418,Blondy,Lovitt,blovittbl@comsenz.com,Female,108.39.114.140
419,Zia,Wann,zwannbm@fema.gov,Female,250.213.67.76
420,Dominique,Cullotey,dculloteybn@hatena.ne.jp,Female,182.150.68.153
421,Jada,Brierly,jbrierlybo@nasa.gov,Female,37.241.194.143
422,Antoinette,Dorkins,adorkinsbp@squarespace.com,Female,40.77.213.182
423,Cob,Spere,csperebq@miitbeian.gov.cn,Male,137.19.137.125
424,Maudie,Pallister,mpallisterbr@google.it,Female,70.16.223.13
425,Sibley,Basire,sbasirebs@examiner.com,Female,86.142.226.121
426,Collin,Benstead,cbensteadbt@yelp.com,Male,104.64.239.18
427,Roscoe,Schwander,rschwanderbu@mediafire.com,Male,64.8.149.230
428,Adriena,Roast,aroastbv@go.com,Female,225.107.93.58
429,Glory,Danshin,gdanshinbw@ted.com,Agender,236.81.122.36
430,Minna,Yarnold,myarnoldbx@vimeo.com,Female,226.234.4.159
431,Kerk,Noweak,knoweakby@apple.com,Male,249.2.184.174
432,Gerik,Berceros,gbercerosbz@amazonaws.com,Agender,183.102.121.249
433,Kessia,Kohn,kkohnc0@yandex.ru,Female,209.245.168.231
434,Dalston,Maile,dmailec1@yandex.ru,Male,33.145.147.57
435,Dniren,Garritley,dgarritleyc2@yellowpages.com,Female,47.3.32.235
436,Pooh,MacCleod,pmaccleodc3@amazon.co.jp,Male,96.229.206.19
437,Any,Gail,agailc4@google.fr,Male,216.254.222.98
438,Adele,Anfonsi,aanfonsic5@hp.com,Female,66.41.8.54
439,Carilyn,Labro,clabroc6@vinaora.com,Female,64.51.31.230
440,Cacilia,Merwede,cmerwedec7@blogspot.com,Female,221.92.61.249
441,Ree,Parry,rparryc8@wufoo.com,Female,40.121.234.117
442,Berget,Claxton,bclaxtonc9@bloglovin.com,Female,125.186.129.233
443,Katuscha,Ciotti,kciottica@huffingtonpost.com,Polygender,194.142.111.61
444,Karin,Waker,kwakercb@lycos.com,Female,190.39.23.99
445,Burtie,Bointon,bbointoncc@earthlink.net,Male,88.140.82.170
446,Grenville,Le Merchant,glemerchantcd@furl.net,Male,190.207.162.7
447,Orly,Lory,oloryce@theatlantic.com,Female,243.193.143.110
448,Bernete,Burthom,bburthomcf@skyrock.com,Female,133.180.219.37
449,Wilburt,Jacquemard,wjacquemardcg@phpbb.com,Male,98.76.127.198
450,Flossie,Lewsey,flewseych@harvard.edu,Female,170.34.80.166
451,Desi,Maughan,dmaughanci@weather.com,Male,33.36.103.232
452,Markos,Smallcombe,msmallcombecj@abc.net.au,Male,239.149.129.237
453,Carree,Saull,csaullck@mail.ru,Female,163.149.81.199
454,Lena,Sodeau,lsodeaucl@blogger.com,Female,106.238.240.204
455,Nolie,Butterley,nbutterleycm@github.io,Female,183.124.82.253
456,Omero,Bonass,obonasscn@homestead.com,Male,224.9.170.199
457,Alisha,Vennard,avennardco@prlog.org,Female,171.123.82.98
458,Rutherford,Cobleigh,rcobleighcp@harvard.edu,Bigender,49.96.5.52
459,Bengt,Beadman,bbeadmancq@globo.com,Male,82.154.182.6
460,Cooper,Vigours,cvigourscr@qq.com,Male,83.169.249.34
461,Batholomew,Molineux,bmolineuxcs@wordpress.org,Male,38.244.213.112
462,Antoinette,Millery,amilleryct@umich.edu,Female,104.250.205.76
463,Annice,Bernholt,abernholtcu@technorati.com,Agender,159.59.81.180
464,Zelig,Joly,zjolycv@ftc.gov,Male,205.23.244.227
465,Winfred,Rafferty,wraffertycw@timesonline.co.uk,Male,214.228.51.8
466,Osbourne,Buncom,obuncomcx@wikimedia.org,Male,112.73.126.54
467,Valery,Habbema,vhabbemacy@lulu.com,Female,105.17.13.13
468,Tracy,Pretley,tpretleycz@forbes.com,Male,16.201.128.190
469,Freeland,Hadye,fhadyed0@wikimedia.org,Male,110.132.76.127
470,Evita,Kirsop,ekirsopd1@jimdo.com,Female,189.207.161.221
471,Christin,Edgeley,cedgeleyd2@sina.com.cn,Female,197.176.202.163
472,Heath,Mandeville,hmandevilled3@bloomberg.com,Female,57.99.118.255
473,Vaclav,Raddon,vraddond4@edublogs.org,Male,95.237.59.241
474,Shelby,Brightey,sbrighteyd5@census.gov,Agender,61.181.168.107
475,Cicily,Elven,celvend6@google.de,Female,80.130.82.2
476,Jamal,Gornar,jgornard7@si.edu,Male,209.76.77.130
477,Tisha,Kern,tkernd8@gov.uk,Genderqueer,243.41.76.205
478,Lorry,Spybey,lspybeyd9@g.co,Male,72.181.4.242
479,Bernadina,Rushmare,brushmareda@ted.com,Female,208.177.25.30
480,Vivyanne,Kleinzweig,vkleinzweigdb@webeden.co.uk,Female,42.126.124.22
481,Dominique,Bruhnke,dbruhnkedc@technorati.com,Male,128.100.79.109
482,Colby,Jocelyn,cjocelyndd@hc360.com,Non-binary,46.84.156.28
483,Ashien,Mulkerrins,amulkerrinsde@cyberchimps.com,Female,106.177.75.200
484,Clemmy,Luckie,cluckiedf@mit.edu,Agender,197.189.3.186
485,Syd,Sirett,ssirettdg@timesonline.co.uk,Male,11.238.240.69
486,Mile,Bouzek,mbouzekdh@cnbc.com,Genderqueer,59.51.179.68
487,Avram,Colliard,acolliarddi@pbs.org,Male,93.247.151.95
488,Falito,Biaggelli,fbiaggellidj@angelfire.com,Male,165.234.27.21
489,Ximenez,Birrane,xbirranedk@blogtalkradio.com,Male,80.222.197.59
490,Dorelia,Ricson,dricsondl@google.com,Female,52.232.246.186
491,Sylvan,Hartridge,shartridgedm@huffingtonpost.com,Male,39.154.77.97
492,Coop,Simcoe,csimcoedn@msn.com,Male,175.32.176.130
493,Antonius,Klassmann,aklassmanndo@moonfruit.com,Male,197.30.120.196
494,Jarret,Joynson,jjoynsondp@yahoo.com,Male,243.255.214.20
495,Phoebe,Leile,pleiledq@behance.net,Female,82.122.167.17
496,Alexia,Prawle,aprawledr@mac.com,Female,50.158.121.210
497,Sylas,Boughtflower,sboughtflowerds@apache.org,Male,99.242.71.39
498,Erich,McLurg,emclurgdt@dailymail.co.uk,Male,168.117.102.69
499,Lauren,Garvey,lgarveydu@g.co,Female,144.104.159.218
500,Fionnula,O' Donohoe,fodonohoedv@mtv.com,Female,235.126.1.173
501,Bria,Folomkin,bfolomkindw@homestead.com,Female,42.164.185.4
502,Jamie,Ferrant,jferrantdx@netvibes.com,Male,58.10.141.12
503,Suki,McNysche,smcnyschedy@xrea.com,Female,57.59.183.63
504,Dorine,Fiorentino,dfiorentinodz@nsw.gov.au,Female,131.115.179.123
505,Bevan,Torri,btorrie0@apple.com,Male,38.255.123.85
506,Ag,Bimson,abimsone1@gizmodo.com,Female,160.165.253.217
507,Sherlocke,Morrilly,smorrillye2@xing.com,Male,47.64.220.227
508,Tami,Littlekit,tlittlekite3@nature.com,Female,217.129.51.175
509,Celinda,Scheu,cscheue4@cbc.ca,Female,250.159.183.32
510,Dena,Milsom,dmilsome5@unicef.org,Female,123.161.210.19
511,Melli,Hurn,mhurne6@hatena.ne.jp,Bigender,146.228.169.187
512,Renae,Pead,rpeade7@mtv.com,Agender,249.50.102.85
513,Wilton,Agutter,waguttere8@army.mil,Male,42.222.90.58
514,Trevor,Kleuer,tkleuere9@usgs.gov,Male,229.231.137.121
515,Shaughn,Gellier,sgellierea@seattletimes.com,Male,193.55.184.126
516,Renell,O' Scallan,roscallaneb@slideshare.net,Non-binary,110.74.117.148
517,Tera,Cartlidge,tcartlidgeec@so-net.ne.jp,Female,81.25.236.122
518,Sunny,Meeron,smeeroned@t.co,Male,70.154.154.25
519,Nolly,Arnao,narnaoee@hostgator.com,Male,229.102.241.48
520,Hermie,Wyman,hwymanef@ebay.co.uk,Male,198.132.220.207
521,Marcie,Turbitt,mturbitteg@eventbrite.com,Bigender,90.75.241.66
522,Dudley,Taunton,dtauntoneh@1688.com,Male,194.124.12.45
523,Emmaline,Gillean,egilleanei@sitemeter.com,Female,55.159.126.67
524,Rey,Shires,rshiresej@pbs.org,Male,190.196.125.220
525,Fannie,Huguet,fhuguetek@is.gd,Female,35.146.15.168
526,Ofelia,Yannikov,oyannikovel@latimes.com,Female,186.244.143.253
527,Maurice,Dominichetti,mdominichettiem@bizjournals.com,Male,43.172.216.46
528,Gay,Peschmann,gpeschmannen@uol.com.br,Female,21.66.176.78
529,Theresina,Darcey,tdarceyeo@wiley.com,Female,228.101.30.71
530,Tessi,Polak,tpolakep@epa.gov,Female,1.86.62.231
531,Julita,Sorby,jsorbyeq@t-online.de,Female,119.254.83.117
532,Bartram,Wichard,bwicharder@moonfruit.com,Male,128.82.223.138
533,Harriet,Kline,hklinees@posterous.com,Female,53.56.43.228
534,Venita,Swindle,vswindleet@theguardian.com,Female,170.252.255.169
535,Pip,Eburah,peburaheu@china.com.cn,Male,149.176.218.171
536,Ludovico,Best,lbestev@jigsy.com,Polygender,222.169.245.62
537,Torry,Bowness,tbownessew@goodreads.com,Genderqueer,18.196.191.175
538,Marigold,Bassett,mbassettex@narod.ru,Non-binary,123.225.129.143
539,Esme,Petrosian,epetrosianey@tiny.cc,Female,153.8.93.99
540,Shelton,Costerd,scosterdez@wikia.com,Male,6.153.242.192
541,Wallace,Bissex,wbissexf0@studiopress.com,Male,191.21.196.97
542,Tamara,Stirtle,tstirtlef1@homestead.com,Female,124.8.31.8
543,Fanechka,Wiburn,fwiburnf2@unblog.fr,Female,8.113.249.57
544,Hercules,Story,hstoryf3@people.com.cn,Male,122.172.161.211
545,Wernher,Lesley,wlesleyf4@smugmug.com,Male,122.247.13.160
546,Marleen,Rodd,mroddf5@netvibes.com,Female,96.54.19.63
547,Marcie,Conaghan,mconaghanf6@topsy.com,Agender,138.58.161.192
548,Glennis,Colbourne,gcolbournef7@hc360.com,Female,35.16.34.236
549,Clare,Kinleyside,ckinleysidef8@shinystat.com,Female,218.187.161.221
550,Tuck,Goose,tgoosef9@cbslocal.com,Male,37.57.55.216
551,Elissa,Lorman,elormanfa@zdnet.com,Female,178.97.245.12
552,Saxon,Posthill,sposthillfb@netvibes.com,Non-binary,248.198.79.244
553,Huey,Mullins,hmullinsfc@nationalgeographic.com,Agender,205.167.58.199
554,Sacha,Wych,swychfd@baidu.com,Female,169.150.146.134
555,Vittorio,Heersema,vheersemafe@comcast.net,Male,184.59.178.86
556,Virgina,Helliar,vhelliarff@blogspot.com,Female,57.189.177.73
557,Rorie,Starkey,rstarkeyfg@desdev.cn,Female,134.69.82.111
558,Tanner,Stallen,tstallenfh@t-online.de,Male,4.0.214.105
559,Jarrett,Aish,jaishfi@upenn.edu,Male,98.66.63.195
560,Ave,Djokovic,adjokovicfj@cpanel.net,Male,113.98.239.219
561,Micaela,Brisland,mbrislandfk@netscape.com,Female,172.171.12.16
562,Ossie,Le Grys,olegrysfl@icq.com,Polygender,121.253.119.118
563,Devin,Cousens,dcousensfm@g.co,Female,218.242.55.134
564,Elyn,Goodliff,egoodlifffn@pinterest.com,Female,144.104.68.255
565,Lewiss,Pile,lpilefo@pen.io,Male,127.233.111.161
566,Klement,Ellens,kellensfp@dyndns.org,Male,111.242.197.156
567,Yuri,Grosvener,ygrosvenerfq@indiatimes.com,Male,168.251.135.17
568,Jeff,Redwall,jredwallfr@a8.net,Male,153.121.67.141
569,Clemmie,Chastang,cchastangfs@craigslist.org,Male,50.168.98.111
570,Birgitta,Saiz,bsaizft@ning.com,Female,204.122.190.135
571,Prent,Pithie,ppithiefu@omniture.com,Genderfluid,159.88.98.46
572,Marlow,Brushfield,mbrushfieldfv@posterous.com,Male,91.164.138.101
573,Bruce,Trytsman,btrytsmanfw@ow.ly,Male,184.29.26.59
574,Sybila,O'Teague,soteaguefx@timesonline.co.uk,Female,194.142.242.192
575,Jase,M'Quharge,jmquhargefy@w3.org,Male,164.196.29.64
576,Ofelia,Mcmanaman,omcmanamanfz@tripadvisor.com,Female,134.168.100.195
577,Burnaby,Pagin,bpaging0@slate.com,Male,29.113.71.72
578,Leta,Broszkiewicz,lbroszkiewiczg1@123-reg.co.uk,Female,137.216.50.206
579,Worthy,Vogeler,wvogelerg2@qq.com,Male,60.160.55.191
580,Tobiah,Serrels,tserrelsg3@lycos.com,Male,64.76.39.130
581,Charmain,Lantiffe,clantiffeg4@timesonline.co.uk,Female,219.182.130.128
582,Roley,Sansam,rsansamg5@mozilla.com,Male,137.50.122.22
583,Cly,Cardew,ccardewg6@unesco.org,Male,23.204.150.154
584,Denna,Blagdon,dblagdong7@gizmodo.com,Female,87.40.159.46
585,Daren,Van Haeften,dvanhaefteng8@myspace.com,Male,90.5.181.129
586,Elliot,Noirel,enoirelg9@domainmarket.com,Non-binary,120.220.221.200
587,Vernor,Welburn,vwelburnga@netvibes.com,Male,21.165.241.244
588,Konrad,Attfield,kattfieldgb@discuz.net,Male,44.30.145.116
589,Corabelle,Meus,cmeusgc@kickstarter.com,Female,187.101.228.57
590,Drucy,Ullrich,dullrichgd@tuttocitta.it,Polygender,198.178.53.100
591,Hedvige,Marin,hmaringe@baidu.com,Female,162.203.56.13
592,Fons,Bourdel,fbourdelgf@elegantthemes.com,Male,216.225.122.182
593,Frants,Aburrow,faburrowgg@sbwire.com,Male,97.247.204.162
594,Bunni,Handley,bhandleygh@reverbnation.com,Female,112.136.95.128
595,Quillan,Alchin,qalchingi@twitter.com,Male,169.202.225.145
596,Daryle,Vinton,dvintongj@simplemachines.org,Male,171.107.234.155
597,Noe,Bason,nbasongk@furl.net,Male,243.38.43.221
598,Tammie,Harriss,tharrissgl@1und1.de,Male,30.40.88.133
599,Wendel,Jarmaine,wjarmainegm@yale.edu,Male,137.63.37.122
600,Vilma,Matusevich,vmatusevichgn@taobao.com,Female,213.71.20.227
601,Natty,Pinchon,npinchongo@live.com,Female,139.23.89.11
602,Merl,Romans,mromansgp@timesonline.co.uk,Female,150.224.250.69
603,Bondon,Rowsel,browselgq@nifty.com,Male,13.198.160.162
604,Cheryl,Belchamber,cbelchambergr@pbs.org,Genderfluid,211.222.42.84
605,Tami,Champkins,tchampkinsgs@irs.gov,Female,145.43.11.214
606,Vita,Cully,vcullygt@cnn.com,Female,130.152.122.249
607,Miguel,McKall,mmckallgu@taobao.com,Male,102.149.27.229
608,Abner,Dericut,adericutgv@prweb.com,Polygender,98.109.121.17
609,Michael,Sabben,msabbengw@slideshare.net,Male,57.146.178.139
610,Pennie,Miquelet,pmiqueletgx@macromedia.com,Female,135.40.149.139
611,Trenna,Finlry,tfinlrygy@ed.gov,Female,25.48.36.94
612,Wilie,Wrack,wwrackgz@cpanel.net,Female,123.102.22.198
613,Donnamarie,Lineker,dlinekerh0@cafepress.com,Female,221.88.170.242
614,Radcliffe,Heskins,rheskinsh1@addtoany.com,Male,133.106.153.126
615,Leonid,Willers,lwillersh2@google.pl,Male,189.70.86.61
616,Erna,Jolin,ejolinh3@google.com,Non-binary,77.173.77.31
617,Gwenette,Cobbin,gcobbinh4@discuz.net,Female,123.206.76.177
618,Dulcinea,Penhalewick,dpenhalewickh5@kickstarter.com,Female,154.33.113.83
619,Levin,Atte-Stone,lattestoneh6@mapquest.com,Male,230.100.69.84
620,Happy,Statter,hstatterh7@businessinsider.com,Female,199.239.218.5
621,Ferris,Creigan,fcreiganh8@topsy.com,Male,192.174.41.30
622,Lydon,Aslott,laslotth9@bbc.co.uk,Male,199.254.200.183
623,Ardelis,Kubala,akubalaha@youtube.com,Female,111.94.152.67
624,Kimberley,Bere,kberehb@goo.ne.jp,Female,255.35.246.136
625,Bordy,Baudassi,bbaudassihc@cdc.gov,Male,121.197.218.234
626,Krysta,Reddoch,kreddochhd@nature.com,Female,190.34.188.103
627,Liliane,Gillie,lgilliehe@craigslist.org,Female,51.219.223.67
628,Susannah,McFetrich,smcfetrichhf@aol.com,Female,87.242.31.55
629,Guenevere,Ottewill,gottewillhg@cbsnews.com,Female,16.99.128.186
630,Anetta,Vezey,avezeyhh@1688.com,Female,117.164.1.29
631,Celestine,Keedwell,ckeedwellhi@csmonitor.com,Female,98.113.87.8
632,Theodosia,Perschke,tperschkehj@ebay.com,Female,148.28.248.154
633,Danya,Hamblin,dhamblinhk@sitemeter.com,Female,108.29.26.117
634,Temp,Kermott,tkermotthl@disqus.com,Male,98.7.161.169
635,Eden,Birmingham,ebirminghamhm@census.gov,Female,107.177.181.7
636,Goldina,Dungey,gdungeyhn@smugmug.com,Polygender,222.92.123.76
637,Brandise,Eighteen,beighteenho@freewebs.com,Female,190.95.215.23
638,Ollie,Urion,ourionhp@wordpress.com,Female,203.167.255.225
639,Stavros,Hicklingbottom,shicklingbottomhq@google.cn,Male,187.241.164.98
640,Edee,Gheorghe,egheorghehr@shinystat.com,Female,230.127.91.126
641,Livy,Blackmore,lblackmorehs@apache.org,Female,187.197.153.246
642,Adlai,Eayrs,aeayrsht@domainmarket.com,Male,244.113.59.23
643,Rockwell,Hunnicot,rhunnicothu@furl.net,Male,229.15.79.147
644,Paulie,Rendbaek,prendbaekhv@chicagotribune.com,Male,31.157.68.108
645,Art,Scherme,aschermehw@sourceforge.net,Male,225.142.125.176
646,Wald,Winchcomb,wwinchcombhx@aboutads.info,Agender,136.210.176.162
647,Nicko,Laurenson,nlaurensonhy@bizjournals.com,Male,121.172.64.26
648,Nickolas,Brando,nbrandohz@usgs.gov,Genderqueer,138.88.27.139
649,Nicholas,Hutfield,nhutfieldi0@buzzfeed.com,Male,222.155.121.59
650,Morley,Janas,mjanasi1@yandex.ru,Male,219.125.18.80
651,Sullivan,Donavan,sdonavani2@shareasale.com,Male,183.245.82.187
652,Ad,Loxton,aloxtoni3@freewebs.com,Male,19.139.122.62
653,Kippie,Fleming,kflemingi4@odnoklassniki.ru,Genderqueer,169.255.60.227
654,Hercule,Maffey,hmaffeyi5@amazon.com,Male,8.99.163.161
655,Georgiana,Digg,gdiggi6@yale.edu,Female,243.217.122.24
656,Blinnie,Brittian,bbrittiani7@timesonline.co.uk,Female,22.129.15.226
657,Amie,Cosans,acosansi8@statcounter.com,Non-binary,137.235.0.201
658,Neron,Bredee,nbredeei9@blogs.com,Male,19.43.36.20
659,Hanny,Addeycott,haddeycottia@globo.com,Female,31.65.149.235
660,Olav,Grishenkov,ogrishenkovib@naver.com,Male,222.171.40.69
661,Justen,Hakonsson,jhakonssonic@people.com.cn,Genderfluid,116.249.95.152
662,Raoul,Pinch,rpinchid@shareasale.com,Male,168.222.80.139
663,Alison,Bogaert,abogaertie@edublogs.org,Female,8.47.157.14
664,Carrissa,Charle,ccharleif@taobao.com,Female,4.180.73.37
665,Morganne,Molder,mmolderig@jalbum.net,Polygender,103.64.7.94
666,Reese,Kremer,rkremerih@about.me,Male,67.148.211.171
667,Nadya,Caudwell,ncaudwellii@samsung.com,Female,211.139.2.111
668,Kare,Larmuth,klarmuthij@hubpages.com,Female,48.15.241.241
669,Francklin,Polotti,fpolottiik@nba.com,Male,104.178.213.96
670,Tomasine,Klaes,tklaesil@paginegialle.it,Female,15.53.185.62
671,Kessiah,McCullen,kmccullenim@google.co.jp,Female,80.135.146.107
672,Michail,Coakley,mcoakleyin@hc360.com,Male,247.51.99.118
673,Dorian,Sutter,dsutterio@shinystat.com,Male,210.210.194.87
674,Thomasa,Jellings,tjellingsip@squidoo.com,Polygender,107.171.187.100
675,Anson,Syversen,asyverseniq@newsvine.com,Male,111.51.199.29
676,Harriette,Trenholme,htrenholmeir@npr.org,Female,110.190.231.126
677,Konrad,Upfold,kupfoldis@cisco.com,Male,225.157.210.11
678,Debbi,Gumn,dgumnit@ucsd.edu,Female,185.121.148.178
679,Rosmunda,Addy,raddyiu@samsung.com,Female,61.79.104.35
680,Farrah,Greson,fgresoniv@vk.com,Female,114.251.86.78
681,Tierney,Beese,tbeeseiw@twitpic.com,Female,194.233.14.14
682,Martyn,Yoodall,myoodallix@printfriendly.com,Male,96.116.250.49
683,Chas,O'Dreain,codreainiy@free.fr,Male,89.63.71.126
684,Shelton,Slatter,sslatteriz@instagram.com,Male,46.250.27.6
685,Merry,Spivie,mspiviej0@is.gd,Female,47.59.198.114
686,Bertine,Gwatkins,bgwatkinsj1@unc.edu,Female,123.5.213.183
687,Hy,Profit,hprofitj2@shareasale.com,Male,217.7.82.52
688,Elle,Magenny,emagennyj3@japanpost.jp,Female,18.88.111.167
689,Corri,Schirach,cschirachj4@senate.gov,Female,149.23.82.64
690,Knox,Cobson,kcobsonj5@cocolog-nifty.com,Male,27.104.30.190
691,Carole,Mandrake,cmandrakej6@weather.com,Female,103.15.182.55
692,Tessy,Giamuzzo,tgiamuzzoj7@netlog.com,Female,31.118.92.51
693,Mavis,Arnson,marnsonj8@narod.ru,Female,183.150.51.238
694,Scottie,Borthwick,sborthwickj9@cyberchimps.com,Male,236.157.243.173
695,Yettie,Driver,ydriverja@globo.com,Female,174.59.240.8
696,Louie,Hanlon,lhanlonjb@state.tx.us,Non-binary,220.206.239.142
697,Aloysius,Freak,afreakjc@live.com,Male,189.222.216.224
698,Jorry,Mewrcik,jmewrcikjd@sun.com,Female,186.207.204.89
699,Dru,Dey,ddeyje@rambler.ru,Female,24.85.157.154
700,Kynthia,Collett,kcollettjf@themeforest.net,Female,39.4.172.23
701,Lurleen,Falck,lfalckjg@storify.com,Female,135.200.109.227
702,Sam,Janczyk,sjanczykjh@utexas.edu,Male,144.111.181.80
703,Orson,Kenn,okennji@tmall.com,Male,232.106.250.182
704,Stanleigh,Comer,scomerjj@dailymotion.com,Male,116.181.99.194
705,Ky,Gaspar,kgasparjk@drupal.org,Male,3.40.11.247
706,Glennie,Stoute,gstoutejl@webmd.com,Female,162.248.5.203
707,Georgy,Mattis,gmattisjm@yellowpages.com,Genderqueer,249.248.213.117
708,Mattias,Gillease,mgilleasejn@ezinearticles.com,Male,126.104.87.243
709,Clair,Eveling,cevelingjo@google.com.hk,Male,171.78.245.188
710,Cathie,Mawford,cmawfordjp@barnesandnoble.com,Female,50.28.198.113
711,Jeromy,Duggen,jduggenjq@berkeley.edu,Polygender,140.55.96.7
712,Brandtr,Devereu,bdevereujr@devhub.com,Male,112.103.139.7
713,Garrard,Mumberson,gmumbersonjs@umn.edu,Male,180.8.172.152
714,Dniren,Ferraretto,dferrarettojt@smh.com.au,Female,138.232.89.123
715,Kendal,Loweth,klowethju@mapy.cz,Male,157.149.178.118
716,Selie,Malinowski,smalinowskijv@howstuffworks.com,Female,96.234.208.233
717,Amalia,Fayerbrother,afayerbrotherjw@techcrunch.com,Female,158.220.250.161
718,Jaine,Davidovitz,jdavidovitzjx@so-net.ne.jp,Female,129.179.180.99
719,Neilla,Foss,nfossjy@nih.gov,Female,165.112.229.75
720,Dniren,Cloughton,dcloughtonjz@cargocollective.com,Female,204.192.103.73
721,Joshuah,Beidebeke,jbeidebekek0@ihg.com,Male,198.148.204.81
722,Bethany,Moffatt,bmoffattk1@pcworld.com,Female,115.101.56.189
723,Lucy,Kollas,lkollask2@wsj.com,Female,160.69.129.109
724,Harmony,Spileman,hspilemank3@google.cn,Female,197.173.133.150
725,Vale,Jindra,vjindrak4@lulu.com,Female,113.208.131.201
726,Gerhard,Iredale,giredalek5@ibm.com,Male,132.212.190.226
727,Ronni,Ferneley,rferneleyk6@yelp.com,Female,211.183.180.41
728,Ashlee,Cranstone,acranstonek7@edublogs.org,Female,157.201.60.56
729,Karyl,Sinnat,ksinnatk8@scribd.com,Female,150.184.181.29
730,Raul,Duffyn,rduffynk9@narod.ru,Male,248.25.166.218
731,Tomasine,Weippert,tweippertka@prnewswire.com,Female,157.223.23.35
732,Sandro,Avison,savisonkb@nymag.com,Male,249.60.6.191
733,Redford,Sirman,rsirmankc@domainmarket.com,Genderqueer,23.162.108.237
734,Cybill,Ottam,cottamkd@opera.com,Female,210.60.211.122
735,Melamie,Avrahamov,mavrahamovke@hostgator.com,Female,155.124.237.205
736,Sonny,Gouny,sgounykf@1und1.de,Male,44.40.46.84
737,Faydra,Burgess,fburgesskg@dot.gov,Female,89.133.36.2
738,Vlad,Blazhevich,vblazhevichkh@wikimedia.org,Male,99.109.140.12
739,Nicholle,Coghlan,ncoghlanki@umn.edu,Female,62.23.17.31
740,Irma,Revely,irevelykj@pbs.org,Non-binary,114.199.69.9
741,Florie,Deluca,fdelucakk@wikimedia.org,Female,166.219.19.86
742,Cristian,Milius,cmiliuskl@jalbum.net,Male,24.182.80.45
743,Leona,Ertelt,lerteltkm@oracle.com,Female,89.71.96.37
744,Libbey,Larwood,llarwoodkn@google.ca,Female,52.95.109.108
745,Zorah,Southcombe,zsouthcombeko@goo.ne.jp,Female,93.182.175.75
746,Annissa,Ludwikiewicz,aludwikiewiczkp@live.com,Female,205.9.187.70
747,Cullin,Burkitt,cburkittkq@prlog.org,Male,150.96.196.100
748,Kamillah,Forseith,kforseithkr@sourceforge.net,Female,136.249.200.105
749,Della,Goodlet,dgoodletks@skype.com,Non-binary,103.247.240.84
750,Fanya,Bomfield,fbomfieldkt@wordpress.com,Female,188.172.225.84
751,Dulce,Gulliver,dgulliverku@lulu.com,Female,67.55.255.75
752,Quinn,Cloute,qcloutekv@state.gov,Male,247.34.47.172
753,Felisha,Crowcombe,fcrowcombekw@elpais.com,Female,127.168.39.49
754,Toni,Brammar,tbrammarkx@live.com,Female,44.205.168.15
755,Carolus,McTrustam,cmctrustamky@mashable.com,Male,221.35.65.199
756,Evonne,Parlatt,eparlattkz@usnews.com,Female,97.150.63.33
757,Prudy,Cudbertson,pcudbertsonl0@biglobe.ne.jp,Female,123.17.234.30
758,Raphaela,Mallabund,rmallabundl1@intel.com,Female,20.7.84.103
759,Alvin,Doumic,adoumicl2@yellowpages.com,Male,5.9.20.142
760,Shaughn,McCutcheon,smccutcheonl3@apache.org,Male,14.124.144.84
761,Staci,Courson,scoursonl4@marriott.com,Female,238.20.174.114
762,Alessandra,Salman,asalmanl5@kickstarter.com,Female,145.119.225.42
763,Vinni,Roberts,vrobertsl6@plala.or.jp,Genderqueer,167.5.129.49
764,Ulysses,Isacke,uisackel7@amazon.com,Polygender,213.220.115.49
765,Humfried,Roantree,hroantreel8@youku.com,Male,247.152.57.122
766,Lindon,Robjant,lrobjantl9@typepad.com,Male,114.113.138.20
767,Abigail,Chalfant,achalfantla@vinaora.com,Agender,157.245.196.146
768,Pat,Parzis,pparzislb@microsoft.com,Female,77.247.228.254
769,Alma,Melwall,amelwalllc@parallels.com,Polygender,53.233.161.201
770,Marsh,Clayson,mclaysonld@mapy.cz,Male,239.205.14.184
771,Anya,Hassur,ahassurle@eventbrite.com,Female,164.49.7.105
772,Nisse,Gutowski,ngutowskilf@nih.gov,Female,111.74.50.183
773,Raddie,Tuson,rtusonlg@yahoo.com,Male,15.248.96.184
774,Shelli,McCome,smccomelh@sina.com.cn,Female,61.115.2.187
775,Terencio,Pohl,tpohlli@e-recht24.de,Male,88.235.173.243
776,Ogdon,Galia,ogalialj@ovh.net,Male,80.27.72.151
777,Salvidor,Salzen,ssalzenlk@imageshack.us,Male,163.216.198.215
778,Ileana,Biddulph,ibiddulphll@house.gov,Female,89.66.149.45
779,Jake,McInility,jmcinilitylm@shop-pro.jp,Bigender,6.71.64.20
780,Alejoa,Le Noir,alenoirln@yellowpages.com,Male,219.40.225.204
781,Jordan,Berriman,jberrimanlo@imdb.com,Female,99.29.161.191
782,Fawnia,Holdworth,fholdworthlp@google.ru,Polygender,126.241.57.7
783,Aluino,Vany,avanylq@tripod.com,Male,88.75.136.113
784,Veradis,McVicar,vmcvicarlr@jimdo.com,Female,196.17.230.149
785,Kennedy,Lively,klivelyls@blogtalkradio.com,Male,154.20.22.4
786,Lea,Rosenzwig,lrosenzwiglt@unicef.org,Female,121.159.128.56
787,Sherwynd,Jahns,sjahnslu@marketwatch.com,Male,39.189.85.28
788,Ab,Fitkin,afitkinlv@bloglovin.com,Male,179.47.220.98
789,Barclay,Stirzaker,bstirzakerlw@nytimes.com,Male,33.32.209.67
790,Korella,Draisey,kdraiseylx@cpanel.net,Bigender,93.104.10.46
791,Alfreda,Eglese,aeglesely@bravesites.com,Female,85.163.95.17
792,Brig,Kopje,bkopjelz@bloglovin.com,Male,57.87.30.253
793,Otis,Malbon,omalbonm0@accuweather.com,Male,188.98.130.54
794,Isidro,Tunnock,itunnockm1@blogger.com,Male,230.44.62.147
795,Brod,Cornforth,bcornforthm2@tiny.cc,Male,18.225.81.112
796,Corrie,Pearsey,cpearseym3@ameblo.jp,Female,125.56.144.30
797,Herbert,Sor,hsorm4@weebly.com,Male,154.0.138.0
798,Peder,Eckart,peckartm5@springer.com,Male,189.52.66.101
799,Filbert,Benazet,fbenazetm6@wordpress.com,Male,167.75.234.152
800,Nehemiah,Lehr,nlehrm7@economist.com,Polygender,17.191.242.228
801,Hervey,Mowne,hmownem8@home.pl,Male,102.155.238.10
802,Avigdor,Haswell,ahaswellm9@cpanel.net,Male,145.47.43.177
803,Haleigh,Oxherd,hoxherdma@squidoo.com,Female,142.112.17.125
804,Hodge,Reaper,hreapermb@purevolume.com,Male,201.69.253.215
805,Garret,Chitham,gchithammc@reverbnation.com,Male,81.179.208.172
806,Shelia,Amoore,samooremd@wikispaces.com,Female,221.131.153.22
807,Jessamyn,Thorburn,jthorburnme@tiny.cc,Female,161.145.76.176
808,Rosalinde,Maile,rmailemf@time.com,Agender,4.124.206.196
809,Sayre,Mayler,smaylermg@sohu.com,Female,170.17.109.158
810,Gretta,Sifleet,gsifleetmh@slate.com,Female,31.13.233.168
811,Colline,Garwill,cgarwillmi@irs.gov,Female,250.197.22.90
812,Marc,Pickwell,mpickwellmj@cam.ac.uk,Male,46.55.72.43
813,Parrnell,Reggiani,preggianimk@deliciousdays.com,Male,82.94.249.255
814,Hildagarde,Preto,hpretoml@rediff.com,Female,50.143.160.85
815,Ezra,Matijasevic,ematijasevicmm@nps.gov,Male,222.147.241.202
816,Bev,Whitwam,bwhitwammn@g.co,Male,71.18.93.28
817,Enid,Anand,eanandmo@oracle.com,Female,233.70.159.199
818,Godwin,Toby,gtobymp@cafepress.com,Male,114.66.2.34
819,Jen,Bampton,jbamptonmq@usgs.gov,Female,171.12.186.128
820,Eddy,Laurentin,elaurentinmr@house.gov,Male,27.208.131.113
821,Alberto,McGuire,amcguirems@hao123.com,Genderfluid,77.9.36.80
822,Wilburt,Zorro,wzorromt@tmall.com,Male,229.54.197.39
823,Orbadiah,Guage,oguagemu@instagram.com,Male,245.27.252.252
824,Bran,Kubica,bkubicamv@washington.edu,Male,84.143.74.39
825,Krysta,Clarkson,kclarksonmw@webeden.co.uk,Female,38.152.111.167
826,Orbadiah,Bootyman,obootymanmx@constantcontact.com,Male,194.213.64.253
827,Marys,Becerra,mbecerramy@wordpress.com,Female,73.252.25.77
828,Andreas,Bohler,abohlermz@apache.org,Male,101.62.38.121
829,Rollo,Linsay,rlinsayn0@ebay.com,Agender,95.29.110.223
830,Oberon,Oxberry,ooxberryn1@stanford.edu,Male,212.40.254.222
831,Germaine,Froome,gfroomen2@squarespace.com,Female,211.83.21.208
832,Rudolf,Burkin,rburkinn3@pen.io,Polygender,142.104.194.166
833,Chiquia,Caspell,ccaspelln4@admin.ch,Female,225.179.83.97
834,Davide,Pladen,dpladenn5@illinois.edu,Male,239.187.151.96
835,Humfrey,Bousquet,hbousquetn6@nature.com,Male,167.76.18.125
836,Hermon,Kunath,hkunathn7@webnode.com,Male,153.105.223.103
837,Stillman,Bellay,sbellayn8@cnet.com,Male,159.61.5.116
838,Britt,Mitcheson,bmitchesonn9@dmoz.org,Male,81.184.136.81
839,Zuzana,Merrigans,zmerrigansna@youtube.com,Female,158.210.30.30
840,Sherilyn,Josilevich,sjosilevichnb@flavors.me,Female,35.114.209.11
841,Lorant,Drohun,ldrohunnc@ifeng.com,Male,133.1.169.113
842,Windham,Lannon,wlannonnd@uiuc.edu,Male,67.234.35.54
843,Auria,Seers,aseersne@123-reg.co.uk,Genderfluid,110.154.247.253
844,Dorie,Edgeon,dedgeonnf@businessweek.com,Male,118.86.213.220
845,Doria,Gorman,dgormanng@nature.com,Female,21.123.209.92
846,Welsh,Kelloch,wkellochnh@hc360.com,Male,179.220.63.25
847,Stoddard,Backson,sbacksonni@t-online.de,Polygender,244.250.35.25
848,Adah,Daughton,adaughtonnj@free.fr,Female,186.7.186.196
849,Abram,Cham,achamnk@discovery.com,Male,200.185.101.22
850,Holmes,Littlefield,hlittlefieldnl@fotki.com,Male,232.6.226.146
851,Willetta,Nicholson,wnicholsonnm@facebook.com,Female,68.127.59.181
852,Nathanial,Uttermare,nuttermarenn@woothemes.com,Male,63.38.118.106
853,Millie,Mesias,mmesiasno@sina.com.cn,Female,34.31.143.183
854,Dick,Skains,dskainsnp@senate.gov,Male,129.110.245.129
855,Kelwin,Westphalen,kwestphalennq@shinystat.com,Male,58.100.84.89
856,Elmira,Treher,etrehernr@reverbnation.com,Bigender,56.62.48.240
857,Pooh,O' Brian,pobrianns@ucoz.ru,Male,180.132.190.245
858,Starla,Garrad,sgarradnt@google.cn,Female,203.61.43.247
859,Ruddy,Annesley,rannesleynu@weibo.com,Male,194.239.107.121
860,Isabelle,Shemmans,ishemmansnv@discovery.com,Female,173.202.4.186
861,Enos,Maharg,emahargnw@answers.com,Non-binary,91.251.169.194
862,Rolfe,Tortoise,rtortoisenx@msn.com,Male,220.140.233.5
863,Hazel,Heaslip,hheaslipny@gravatar.com,Male,168.77.29.170
864,Querida,Vanns,qvannsnz@techcrunch.com,Non-binary,123.191.66.229
865,Niels,Lung,nlungo0@timesonline.co.uk,Agender,187.97.45.205
866,Stace,Jolin,sjolino1@1und1.de,Female,73.56.10.98
867,Aguste,Dancer,adancero2@people.com.cn,Male,82.235.129.127
868,Bryn,Takkos,btakkoso3@amazon.co.jp,Female,37.105.120.244
869,Travers,Hanna,thannao4@booking.com,Male,130.72.161.29
870,Hedvige,Camocke,hcamockeo5@dmoz.org,Polygender,59.4.36.155
871,Jemie,Yitzhok,jyitzhoko6@zdnet.com,Female,79.63.227.141
872,Brandice,Bridgen,bbridgeno7@taobao.com,Female,236.83.128.93
873,Moise,Sangwin,msangwino8@shop-pro.jp,Male,223.96.32.105
874,Marlee,Dumbrill,mdumbrillo9@blogspot.com,Female,201.72.184.221
875,Jackquelin,Obington,jobingtonoa@youku.com,Female,25.27.204.206
876,Adorne,Bearn,abearnob@tinypic.com,Female,196.98.169.243
877,Laurent,Billin,lbillinoc@reverbnation.com,Male,237.214.205.91
878,Amye,Faircley,afaircleyod@barnesandnoble.com,Female,223.122.230.131
879,Shantee,Utting,suttingoe@networksolutions.com,Female,169.123.77.235
880,Adele,Schott,aschottof@samsung.com,Female,81.177.216.95
881,Klara,Sowthcote,ksowthcoteog@whitehouse.gov,Female,126.85.1.97
882,Dagny,Astbury,dastburyoh@chronoengine.com,Male,103.214.87.14
883,Katharyn,Brannon,kbrannonoi@nbcnews.com,Female,38.158.111.75
884,Wit,Theurer,wtheureroj@zdnet.com,Male,72.212.64.187
885,Nelie,Leneham,nlenehamok@nsw.gov.au,Female,147.78.6.23
886,Victoir,Oxtoby,voxtobyol@nytimes.com,Male,122.50.206.121
887,Paulina,Remmers,premmersom@simplemachines.org,Female,218.47.83.200
888,Anson,Pack,apackon@lycos.com,Male,54.117.72.100
889,Vivie,Dougill,vdougilloo@google.co.uk,Female,205.171.52.130
890,Conan,Dowtry,cdowtryop@bigcartel.com,Male,211.97.30.162
891,Adey,Danet,adanetoq@senate.gov,Female,33.85.82.142
892,Lucho,Whenman,lwhenmanor@jimdo.com,Male,220.77.155.137
893,Oliver,Brosoli,obrosolios@rediff.com,Male,38.252.5.173
894,Farand,Ridgewell,fridgewellot@gnu.org,Female,170.41.161.163
895,Kaia,Feldman,kfeldmanou@nsw.gov.au,Female,10.149.120.131
896,Sherwood,Sango,ssangoov@google.com.au,Male,95.235.198.161
897,Natka,O'Hanley,nohanleyow@imgur.com,Female,242.138.84.155
898,Buddy,Haill,bhaillox@surveymonkey.com,Bigender,73.7.107.236
899,Raynor,Yushkin,ryushkinoy@pbs.org,Male,171.204.124.42
900,Cletis,Ourry,courryoz@mozilla.com,Male,31.92.180.0
901,Prudy,Snap,psnapp0@wisc.edu,Female,179.100.101.42
902,Giacinta,Loveday,glovedayp1@google.cn,Female,69.200.202.82
903,Giuditta,Tomanek,gtomanekp2@ox.ac.uk,Female,105.78.75.67
904,Saree,Hullin,shullinp3@rambler.ru,Female,52.186.39.194
905,Marsiella,Byforth,mbyforthp4@about.me,Female,28.247.13.249
906,Clotilda,Goodinson,cgoodinsonp5@friendfeed.com,Agender,28.87.54.225
907,Tildie,Lloyds,tlloydsp6@google.fr,Female,124.73.157.14
908,Terencio,Rock,trockp7@uol.com.br,Male,235.115.214.68
909,Shepard,Wilson,swilsonp8@paypal.com,Male,115.7.172.202
910,Emmit,Thonason,ethonasonp9@comcast.net,Male,156.51.126.204
911,Neddy,Beade,nbeadepa@narod.ru,Male,5.188.249.44
912,Wilfred,Le Grice,wlegricepb@engadget.com,Genderqueer,235.226.130.206
913,Joni,Bearsmore,jbearsmorepc@zimbio.com,Female,233.204.133.230
914,Antoni,Meynell,ameynellpd@woothemes.com,Male,220.22.235.10
915,Domini,Selland,dsellandpe@scientificamerican.com,Female,7.215.74.187
916,Dave,Gilligan,dgilliganpf@shop-pro.jp,Male,184.39.81.52
917,Kilian,Marwood,kmarwoodpg@technorati.com,Male,221.61.15.57
918,Paul,Petcher,ppetcherph@facebook.com,Male,164.11.141.204
919,Willyt,Causley,wcausleypi@ucoz.com,Female,28.121.90.92
920,Dov,Ramsell,dramsellpj@alibaba.com,Genderqueer,237.251.228.240
921,Gerard,McKeady,gmckeadypk@wordpress.com,Male,201.216.68.104
922,Jonell,Burdett,jburdettpl@histats.com,Female,64.235.47.29
923,Penelope,Butten,pbuttenpm@goo.gl,Bigender,160.133.147.254
924,Lindsay,Berresford,lberresfordpn@spotify.com,Female,127.68.221.78
925,Kissee,Bootton,kboottonpo@google.it,Female,102.159.121.165
926,Reinwald,Lightewood,rlightewoodpp@nationalgeographic.com,Male,79.43.30.3
927,Jamil,Southorn,jsouthornpq@spotify.com,Male,226.58.150.54
928,Jacenta,Whenham,jwhenhampr@hostgator.com,Bigender,20.88.245.74
929,Harald,Lankester,hlankesterps@wsj.com,Male,215.83.12.108
930,Elissa,Halliday,ehallidaypt@mail.ru,Female,18.68.192.222
931,Maressa,Asken,maskenpu@upenn.edu,Female,81.163.52.102
932,Shandeigh,Bampton,sbamptonpv@unblog.fr,Female,99.255.10.255
933,Germain,Ughi,gughipw@jigsy.com,Female,158.242.110.247
934,Fayette,Darkin,fdarkinpx@artisteer.com,Female,62.78.205.75
935,Hilly,Anfusso,hanfussopy@wufoo.com,Male,49.128.52.91
936,Anallise,Atthowe,aatthowepz@seesaa.net,Female,61.142.3.27
937,Natala,Swinnerton,nswinnertonq0@bloomberg.com,Female,52.189.99.184
938,Aldric,Mateo,amateoq1@yahoo.co.jp,Male,77.226.155.226
939,Nannie,Smaridge,nsmaridgeq2@earthlink.net,Genderqueer,58.97.246.46
940,Bo,Philipsohn,bphilipsohnq3@cbsnews.com,Male,220.95.139.223
941,Lila,Poveleye,lpoveleyeq4@yandex.ru,Female,146.155.194.85
942,Jamie,Lechelle,jlechelleq5@surveymonkey.com,Bigender,219.161.11.151
943,Wilburt,Learmount,wlearmountq6@pagesperso-orange.fr,Male,138.123.166.39
944,Ardyce,Costall,acostallq7@w3.org,Female,48.54.185.184
945,Carena,Tottem,ctottemq8@gov.uk,Non-binary,28.104.218.110
946,Kristofer,MacConnechie,kmacconnechieq9@fc2.com,Male,246.110.65.150
947,Evania,Allmann,eallmannqa@soup.io,Female,10.25.149.169
948,Berk,Warret,bwarretqb@uiuc.edu,Male,205.147.9.186
949,Fax,O' Mara,fomaraqc@ameblo.jp,Male,205.119.236.205
950,Camey,Bails,cbailsqd@patch.com,Male,160.99.242.190
951,Guenevere,Yearns,gyearnsqe@squarespace.com,Female,57.158.108.234
952,Tobe,Clutton,tcluttonqf@ezinearticles.com,Female,189.216.122.57
953,Dale,Egiloff,degiloffqg@dyndns.org,Female,62.244.231.241
954,Alida,Mounsie,amounsieqh@google.com.au,Female,153.146.40.160
955,Saba,Ziem,sziemqi@zimbio.com,Female,193.211.230.145
956,Abie,Gouldstone,agouldstoneqj@paypal.com,Male,208.222.213.23
957,Atlanta,Royle,aroyleqk@de.vu,Female,169.9.20.157
958,Collette,Duffie,cduffieql@hostgator.com,Female,193.83.7.216
959,Orlando,Dennistoun,odennistounqm@dell.com,Male,152.167.97.214
960,Portie,Rush,prushqn@geocities.com,Male,215.241.247.81
961,Analiese,Koene,akoeneqo@naver.com,Female,151.118.148.31
962,Rockie,De Bruijn,rdebruijnqp@adobe.com,Male,201.95.75.251
963,Uriah,Faulconer,ufaulconerqq@google.co.jp,Male,127.233.39.175
964,Janot,Goodlad,jgoodladqr@state.tx.us,Female,152.91.96.151
965,George,Di Angelo,gdiangeloqs@tiny.cc,Female,143.161.189.107
966,Kevan,Bernardeau,kbernardeauqt@howstuffworks.com,Male,87.133.91.119
967,Lonnie,Iiannoni,liiannoniqu@columbia.edu,Female,140.195.214.30
968,Coretta,Staton,cstatonqv@rambler.ru,Female,239.31.121.158
969,Nan,Coston,ncostonqw@sun.com,Female,20.178.137.22
970,Johnny,Hastie,jhastieqx@deviantart.com,Male,36.20.155.83
971,Valera,Sines,vsinesqy@aol.com,Female,25.229.123.99
972,Hyacinth,Petkov,hpetkovqz@shop-pro.jp,Female,161.33.117.106
973,Antonio,Nicholas,anicholasr0@umich.edu,Male,148.254.233.41
974,Morris,Cowins,mcowinsr1@fc2.com,Male,83.92.191.87
975,Reina,McEntegart,rmcentegartr2@hp.com,Female,239.132.182.41
976,Irwin,Jeffery,ijefferyr3@homestead.com,Non-binary,27.17.247.89
977,Gerhardine,Panchen,gpanchenr4@reference.com,Female,22.237.178.81
978,Conway,Book,cbookr5@mlb.com,Male,243.172.20.253
979,Chas,Fryatt,cfryattr6@bluehost.com,Male,58.198.8.196
980,Avery,Clipson,aclipsonr7@ucla.edu,Male,40.217.205.74
981,Gizela,Ellington,gellingtonr8@rambler.ru,Female,44.99.194.48
982,Roger,Belliard,rbelliardr9@oracle.com,Male,149.75.145.27
983,Adaline,Meechan,ameechanra@yandex.ru,Female,14.223.45.82
984,Meara,Lishman,mlishmanrb@studiopress.com,Female,216.197.171.27
985,Alleyn,Dartnall,adartnallrc@cbc.ca,Male,225.149.89.35
986,Kimmie,Lawson,klawsonrd@canalblog.com,Female,162.211.57.110
987,Carleen,Ridsdole,cridsdolere@symantec.com,Female,73.26.113.103
988,Ardelis,Jado,ajadorf@bbc.co.uk,Female,185.243.148.77
989,Barn,Christoforou,bchristoforourg@uiuc.edu,Male,25.102.43.226
990,Carleen,Theze,cthezerh@japanpost.jp,Genderfluid,217.223.198.210
991,Aldridge,Hamal,ahamalri@java.com,Male,120.199.116.235
992,Garnette,Shotter,gshotterrj@ask.com,Female,163.120.200.139
993,Mariejeanne,Sarfatti,msarfattirk@foxnews.com,Polygender,119.246.153.52
994,Inga,Dukelow,idukelowrl@godaddy.com,Female,37.123.213.108
995,Sax,Hurring,shurringrm@techcrunch.com,Male,239.160.185.230
996,Danni,Fumagall,dfumagallrn@eventbrite.com,Female,37.195.95.190
997,Husain,Buckerfield,hbuckerfieldro@scientificamerican.com,Male,19.61.185.208
998,Garold,Froom,gfroomrp@altervista.org,Male,144.115.243.54
999,Kelcy,Howselee,khowseleerq@va.gov,Non-binary,249.42.85.207
1000,Dawna,Persent,dpersentrr@si.edu,Female,245.183.255.71
